{
  "criteria": {
    "requirement": {
      "trigger": "minecraft:player_interacted_with_entity",
      "conditions": {
        "player": {
          "equipment": {
            "offhand": {
              "items": [
                "minecraft:warped_fungus_on_a_stick"
              ],
              "nbt": "{CustomModelData:33000}"
            }
          }
        },
        "entity": {
          "type": "#minecraft:interactable"
        }
      }
    }
  },
  "rewards": {
    "function": "bucketable:interactable"
  }
}
