{
  "criteria": {
    "requirement": {
      "trigger": "minecraft:player_interacted_with_entity",
      "conditions": {
        "player": [
          {
            "condition": "minecraft:any_of",
            "terms": [
              {
                "condition": "minecraft:entity_properties",
                "entity": "this",
                "predicate": {
					"flags": {
                    "is_sneaking": true
                  },
                  "equipment": {
                    "mainhand": {
                      "items": [
                        "minecraft:warped_fungus_on_a_stick"
                      ],
                      "nbt": "{CustomModelData:33000}"
                    }
                  }
                }
              },
              {
                "condition": "minecraft:entity_properties",
                "entity": "this",
                "predicate": {
                  "flags": {
                    "is_sneaking": true
                  },
                  "equipment": {
                    "offhand": {
                      "items": [
                        "minecraft:warped_fungus_on_a_stick"
                      ],
                      "nbt": "{CustomModelData:33000}"
                    }
                  }
                }
              }
            ]
          }
        ],
        "entity": [
          {
            "condition": "minecraft:entity_properties",
            "entity": "this",
            "predicate": {
              "type": "#bucketable:interactable"
            }
          }
        ]
      }
    }
  },
  "rewards": {
    "function": "bucketable:use_empty"
  }
}
