{
  "criteria": {
    "requirement": {
      "trigger": "minecraft:tick",
      "conditions": {
        "player": [
          {
            "condition": "minecraft:entity_properties",
            "entity": "this",
            "predicate": {
              "equipment": {
                "mainhand": {
                  "items": [
                    "minecraft:warped_fungus_on_a_stick"
                  ],
                  "nbt": "{CustomModelData:33000}"
                }
              }
            }
          },
          {
            "condition": "minecraft:inverted",
            "term": {
              "condition": "minecraft:entity_properties",
              "entity": "this",
              "predicate": {
                "type_specific": {
                  "type": "player",
                  "looking_at": {
                    "type": "#bucketable:bucketable",
                    "distance": {
                      "absolute": {
                        "max": 6
                      }
                    }
                  }
                }
              }
            }
          }
        ]
      }
    }
  },
  "rewards": {
    "function": "bucketable:mainhand_revert"
  }
}
