{
  "criteria": {
    "requirement": {
      "trigger": "minecraft:tick",
      "conditions": {
        "player": [
          {
            "condition": "minecraft:entity_properties",
            "entity": "this",
            "predicate": {
              "type_specific": {
                "type": "player",
                "looking_at": {
                  "type": "#bucketable:bucketable",
                  "distance": {
                    "absolute": {
                      "max": 6
                    }
                  }
                }
              },
              "equipment": {
                "mainhand": {
                  "items": [
                    "minecraft:water_bucket"
                  ]
                }
              }
            }
          }
        ]
      }
    }
  },
  "rewards": {
    "function": "bucketable:mainhand_looking_at"
  }
}
