{
  "criteria": {
    "requirement": {
      "trigger": "minecraft:tick",
      "conditions": {
        "player": [
          {
            "condition": "minecraft:all_of",
            "terms": [
               {
                    "condition": "minecraft:entity_properties",
                    "entity": "this",
                    "predicate": {
                      "equipment": {
                        "mainhand": {
                          "items": [
                            "minecraft:warped_fungus_on_a_stick"
                          ],
                          "nbt": "{StoreMob:{}}"
                        }
                      }
                    }
                  },
              {
                "condition": "minecraft:entity_scores",
                "entity": "this",
                "scores": {
                  "bl_wfoas": {
                    "min": 1
                  }
                }
              }
            ]
          }
        ]
      }
    }
  },
  "rewards": {
    "function": "bucketable:use_stored_main"
  }
}
